id,firstname,lastname,email,licenseid,profession
1,Siana,Palocz,Siana.Palocz@yopmail.com,195f9545-a150-4a55-a6ca-4d52c1477484,developer
2,Rayna,Kesley,Rayna.Kesley@yopmail.com,b7d97241-fc74-427e-ba0a-2e403604a80e,firefighter
3,Barbara,Fredi,Barbara.Fredi@yopmail.com,39c04137-95ef-47d5-835f-81799ad1e023,police officer
4,Riannon,Hedve,Riannon.Hedve@yopmail.com,04c2464a-66cd-44f7-af54-571c6307a4d5,firefighter
5,Tracey,Brandice,Tracey.Brandice@yopmail.com,a8e3d784-b75f-4f20-9996-52abac8701fd,developer
6,Lorenza,Fitzsimmons,Lorenza.Fitzsimmons@yopmail.com,129a272b-6e6a-4e01-90e8-4bce3307e0e2,doctor
7,Ebonee,Bakerman,Ebonee.Bakerman@yopmail.com,732df93e-34ea-4d11-a3b6-56e2309891f9,police officer
8,Dania,Sidonius,Dania.Sidonius@yopmail.com,7a8ca31d-01fe-4da2-93dd-1ebf9f9d5245,police officer
9,Cristabel,Jeanne,Cristabel.Jeanne@yopmail.com,94cb03a6-ed2e-47e5-bdd9-a914e82968f5,doctor
10,Karina,Mayeda,Karina.Mayeda@yopmail.com,b774db63-ab3d-446d-b1c6-3ba7990b74ed,firefighter
11,Emilia,Thomasina,Emilia.Thomasina@yopmail.com,2bca814a-def7-4fdc-82fc-6aaa7ad56151,developer
12,Nita,Radu,Nita.Radu@yopmail.com,f029cb84-679a-4035-9697-214cec3f983e,police officer
13,Paola,Rolf,Paola.Rolf@yopmail.com,a2ab852d-678b-489a-92be-48263d062f90,police officer
14,Jaime,Bebe,Jaime.Bebe@yopmail.com,67c84c0a-3bd6-4291-b44f-5b885a573a13,police officer
15,Lesly,Pond,Lesly.Pond@yopmail.com,e1dc9e7a-7577-4265-8439-dc8fcb437bf7,firefighter
16,Tiffie,Oster,Tiffie.Oster@yopmail.com,09b199ad-da40-418e-b1e9-514e528c8a1f,doctor
17,Chickie,Joseph,Chickie.Joseph@yopmail.com,95acfbe5-773c-4354-b4a0-c7cf2371cff2,doctor
18,Lisette,Lalitta,Lisette.Lalitta@yopmail.com,b9aee4f4-d7c2-48e2-9a32-4c3e1899b289,developer
19,Dorthy,Madaih,Dorthy.Madaih@yopmail.com,5fa90215-d0fc-4f12-baaa-43eef7232aed,developer
20,Tamqrah,Bach,Tamqrah.Bach@yopmail.com,49965c52-1727-4ade-9173-9d9c8c0d8438,developer
21,Quintina,Aldric,Quintina.Aldric@yopmail.com,58322080-071a-47a0-8332-6bd4db264a6a,police officer
22,Jerry,Ulphia,Jerry.Ulphia@yopmail.com,4d5301b2-b726-4787-bee0-db576b0a5af1,doctor
23,Petronia,Fiann,Petronia.Fiann@yopmail.com,071f12c4-1b67-4393-9aff-dc9fd0a49df9,police officer
24,Anthia,Robertson,Anthia.Robertson@yopmail.com,097a3cba-2a26-49b3-8ee4-52d864390209,doctor
25,Jaime,Marlie,Jaime.Marlie@yopmail.com,998b78ee-5771-422c-8a74-f09f8f70ab17,police officer
26,Beverley,Durware,Beverley.Durware@yopmail.com,a87ed7a8-1c6e-4aa5-9859-ff696345b42c,worker
27,Jean,Linehan,Jean.Linehan@yopmail.com,d77e072a-0a07-4337-af99-c94bc5f4b189,doctor
28,Katharina,Roxanna,Katharina.Roxanna@yopmail.com,2cd67dff-94c7-46f9-9df6-a26e9a907158,doctor
29,Consuela,Kress,Consuela.Kress@yopmail.com,8e4e2041-ae12-44b7-a269-bd371f6f69c0,doctor
30,Melodie,Kendrick,Melodie.Kendrick@yopmail.com,e663b066-96a5-46e8-9c0e-c3aa5150d01c,doctor
31,Hallie,Sophronia,Hallie.Sophronia@yopmail.com,f5e8c16a-8cd8-4af0-aaca-1f57c6df904c,firefighter
32,Genevra,Eldrid,Genevra.Eldrid@yopmail.com,8ca5c95c-b171-4843-9081-c71edde64b7b,doctor
33,Edyth,Ries,Edyth.Ries@yopmail.com,06bf1535-e1b1-4e8c-baef-f6f5bbf4a49e,doctor
34,Ofilia,Bow,Ofilia.Bow@yopmail.com,e3919396-e82b-4445-9aa8-c971f914b109,doctor
35,Tobe,Yorick,Tobe.Yorick@yopmail.com,e9b6d21e-35bc-43c4-b327-60d0257bf318,firefighter
36,Tamqrah,Rugen,Tamqrah.Rugen@yopmail.com,3c0b991f-6bbe-4f22-aeb2-c4992630c2f0,police officer
37,Dawn,Cutlerr,Dawn.Cutlerr@yopmail.com,eed1094f-f960-4422-9675-622679000a5d,police officer
38,Dominga,Eldrid,Dominga.Eldrid@yopmail.com,ef1344c8-655b-4377-a7ef-fdf7704f36cc,police officer
39,Marguerite,Arley,Marguerite.Arley@yopmail.com,6dfcd880-9535-47fc-9097-309c1e8be3eb,doctor
40,Alleen,Wallis,Alleen.Wallis@yopmail.com,e28aa7c9-f65e-4cce-b5ed-9464996ee819,developer
41,Bernardine,Mallon,Bernardine.Mallon@yopmail.com,361e0e46-31b1-462b-805b-4dd72f53e556,doctor
42,Eve,Barrus,Eve.Barrus@yopmail.com,fe940ece-da80-4b19-889a-09b5377ad208,worker
43,Joane,Shaddock,Joane.Shaddock@yopmail.com,29a93832-a000-47bf-b06a-b848ac23d39d,doctor
44,Ethel,Tound,Ethel.Tound@yopmail.com,fb2cfb8c-993d-4c65-8627-817e170788ba,firefighter
45,Randa,Delp,Randa.Delp@yopmail.com,95b4c844-3385-4c98-a023-ccda018fe2ce,worker
46,Heida,Gower,Heida.Gower@yopmail.com,65134f02-9742-4bcb-8780-f1cd52a9e3c5,firefighter
47,Lucy,Stilwell,Lucy.Stilwell@yopmail.com,e2349814-6d07-494d-bd24-286600b23bf0,doctor
48,Elora,Selway,Elora.Selway@yopmail.com,4f148cf1-cba1-426a-9c53-286d178798c6,worker
49,Angela,Toffic,Angela.Toffic@yopmail.com,9ce18ed1-2c6b-4f9f-8c41-e9479eb0e572,doctor
50,Nikki,Means,Nikki.Means@yopmail.com,92c907da-16b3-4b4d-a7f2-59fd0c13aae6,doctor